modelo,tipoVectorizacion,ngram_range,parametros,normalizacionTexto,metodoBalanceo,reporte,accuracy,f1_macro,precision_macro,recall_macro,f1_weighted,cv_score,cv_media,cv_desviacion
random_forest,frecuencia,"(1, 1)",{'n_estimators': 100},Solo Lematizacion,None,"{'Clickbait': {'precision': 0.8360655737704918, 'recall': 0.51, 'f1-score': 0.6335403726708074, 'support': 200.0}, 'No': {'precision': 0.8304498269896193, 'recall': 0.96, 'f1-score': 0.8905380333951762, 'support': 500.0}, 'accuracy': 0.8314285714285714, 'macro avg': {'precision': 0.8332577003800556, 'recall': 0.735, 'f1-score': 0.7620392030329919, 'support': 700.0}, 'weighted avg': {'precision': 0.8320543260698686, 'recall': 0.8314285714285714, 'f1-score': 0.8171101303310709, 'support': 700.0}}",0.8314285714285714,0.7620392030329919,0.8332577003800556,0.735,0.8171101303310709,"[0.7028062545303925, 0.666618559676721, 0.676057924794828, 0.6643771043771044, 0.7393333857813442]",0.6898386458320779,0.028267504044857363
svc,tfidf,"(1, 1)","{'kernel': 'linear', 'C': 1.0}",Solo Lematizacion,None,"{'Clickbait': {'precision': 0.7080745341614907, 'recall': 0.57, 'f1-score': 0.631578947368421, 'support': 200.0}, 'No': {'precision': 0.8404452690166976, 'recall': 0.906, 'f1-score': 0.8719923002887392, 'support': 500.0}, 'accuracy': 0.81, 'macro avg': {'precision': 0.7742599015890941, 'recall': 0.738, 'f1-score': 0.75178562382858, 'support': 700.0}, 'weighted avg': {'precision': 0.802625059058067, 'recall': 0.81, 'f1-score': 0.803302770882934, 'support': 700.0}}",0.81,0.75178562382858,0.7742599015890941,0.738,0.803302770882934,"[0.7171717171717171, 0.6909227820372399, 0.7194295066635492, 0.6888888888888889, 0.7569444444444444]",0.714671467841168,0.024676451065319568
logistic_regression,frecuencia,"(1, 1)",{'max_iter': 200},Solo Lematizacion,None,"{'Clickbait': {'precision': 0.6802325581395349, 'recall': 0.585, 'f1-score': 0.6290322580645161, 'support': 200.0}, 'No': {'precision': 0.8428030303030303, 'recall': 0.89, 'f1-score': 0.8657587548638133, 'support': 500.0}, 'accuracy': 0.8028571428571428, 'macro avg': {'precision': 0.7615177942212825, 'recall': 0.7375, 'f1-score': 0.7473955064641646, 'support': 700.0}, 'weighted avg': {'precision': 0.796354323970603, 'recall': 0.8028571428571428, 'f1-score': 0.798122612921157, 'support': 700.0}}",0.8028571428571428,0.7473955064641646,0.7615177942212825,0.7375,0.798122612921157,"[0.7299382716049383, 0.6776562822364349, 0.7299382716049383, 0.7135443206672991, 0.7645870009710194]",0.723132829416926,0.02818202359478844
logistic_regression,tfidf,"(1, 1)",{'max_iter': 200},Solo Lematizacion,None,"{'Clickbait': {'precision': 0.6629834254143646, 'recall': 0.6, 'f1-score': 0.6299212598425197, 'support': 200.0}, 'No': {'precision': 0.8458574181117534, 'recall': 0.878, 'f1-score': 0.8616290480863592, 'support': 500.0}, 'accuracy': 0.7985714285714286, 'macro avg': {'precision': 0.754420421763059, 'recall': 0.739, 'f1-score': 0.7457751539644395, 'support': 700.0}, 'weighted avg': {'precision': 0.7936077059124994, 'recall': 0.7985714285714286, 'f1-score': 0.7954268228738337, 'support': 700.0}}",0.7985714285714286,0.7457751539644395,0.754420421763059,0.739,0.7954268228738337,"[0.5593042495661649, 0.5879913363571907, 0.6083823875676948, 0.5828275024831696, 0.6185507246376811]",0.5914112401223802,0.020692059354089073
gradient_boosting,frecuencia,"(1, 1)",{'n_estimators': 100},Solo Lematizacion,None,"{'Clickbait': {'precision': 0.7171052631578947, 'recall': 0.545, 'f1-score': 0.6193181818181818, 'support': 200.0}, 'No': {'precision': 0.833941605839416, 'recall': 0.914, 'f1-score': 0.8721374045801527, 'support': 500.0}, 'accuracy': 0.8085714285714286, 'macro avg': {'precision': 0.7755234344986554, 'recall': 0.7295, 'f1-score': 0.7457277931991673, 'support': 700.0}, 'weighted avg': {'precision': 0.8005597936446955, 'recall': 0.8085714285714286, 'f1-score': 0.7999033409338753, 'support': 700.0}}",0.8085714285714286,0.7457277931991673,0.7755234344986554,0.7295,0.7999033409338753,"[0.695959595959596, 0.671006823562178, 0.671578947368421, 0.6828797190517999, 0.76777388075098]",0.6978397933385949,0.036132411613798585
random_forest,binaria,"(1, 1)",{'n_estimators': 100},Solo Lematizacion,None,"{'Clickbait': {'precision': 0.782258064516129, 'recall': 0.485, 'f1-score': 0.5987654320987654, 'support': 200.0}, 'No': {'precision': 0.8211805555555556, 'recall': 0.946, 'f1-score': 0.879182156133829, 'support': 500.0}, 'accuracy': 0.8142857142857143, 'macro avg': {'precision': 0.8017193100358423, 'recall': 0.7155, 'f1-score': 0.7389737941162973, 'support': 700.0}, 'weighted avg': {'precision': 0.8100598438300051, 'recall': 0.8142857142857143, 'f1-score': 0.7990630921238109, 'support': 700.0}}",0.8142857142857143,0.7389737941162973,0.8017193100358423,0.7155,0.7990630921238109,"[0.6955576265921093, 0.6643771043771044, 0.6851824090159525, 0.6703674635578797, 0.7615150806640169]",0.6953999368414125,0.034827218770394214
logistic_regression,binaria,"(1, 1)",{'max_iter': 200},Solo Lematizacion,None,"{'Clickbait': {'precision': 0.6647398843930635, 'recall': 0.575, 'f1-score': 0.6166219839142091, 'support': 200.0}, 'No': {'precision': 0.8387096774193549, 'recall': 0.884, 'f1-score': 0.8607594936708861, 'support': 500.0}, 'accuracy': 0.7957142857142857, 'macro avg': {'precision': 0.7517247809062092, 'recall': 0.7295, 'f1-score': 0.7386907387925477, 'support': 700.0}, 'weighted avg': {'precision': 0.7890040222689859, 'recall': 0.7957142857142857, 'f1-score': 0.7910059194546927, 'support': 700.0}}",0.7957142857142857,0.7386907387925477,0.7517247809062092,0.7295,0.7910059194546927,"[0.7544666095410464, 0.689257176679491, 0.7434413580246914, 0.724375, 0.7488907769281601]",0.7320861842346778,0.023689677054584683
svc,binaria,"(1, 1)","{'kernel': 'linear', 'C': 1.0}",Solo Lematizacion,None,"{'Clickbait': {'precision': 0.655367231638418, 'recall': 0.58, 'f1-score': 0.6153846153846154, 'support': 200.0}, 'No': {'precision': 0.8393881453154876, 'recall': 0.878, 'f1-score': 0.8582600195503421, 'support': 500.0}, 'accuracy': 0.7928571428571428, 'macro avg': {'precision': 0.7473776884769527, 'recall': 0.729, 'f1-score': 0.7368223174674788, 'support': 700.0}, 'weighted avg': {'precision': 0.7868107414077534, 'recall': 0.7928571428571428, 'f1-score': 0.7888670469315631, 'support': 700.0}}",0.7928571428571428,0.7368223174674788,0.7473776884769527,0.729,0.7888670469315631,"[0.7359349593495934, 0.7160797981011897, 0.7428496457622671, 0.7055826558265583, 0.7328454319999429]",0.7266584982079103,0.013730143249206307
gradient_boosting,binaria,"(1, 1)",{'n_estimators': 100},Solo Lematizacion,None,"{'Clickbait': {'precision': 0.6790123456790124, 'recall': 0.55, 'f1-score': 0.6077348066298343, 'support': 200.0}, 'No': {'precision': 0.8327137546468402, 'recall': 0.896, 'f1-score': 0.8631984585741811, 'support': 500.0}, 'accuracy': 0.7971428571428572, 'macro avg': {'precision': 0.7558630501629262, 'recall': 0.7230000000000001, 'f1-score': 0.7354666326020076, 'support': 700.0}, 'weighted avg': {'precision': 0.7887990663703179, 'recall': 0.7971428571428572, 'f1-score': 0.7902088437329392, 'support': 700.0}}",0.7971428571428572,0.7354666326020076,0.7558630501629262,0.7230000000000001,0.7902088437329392,"[0.6888888888888889, 0.6833375219904498, 0.6863437319664618, 0.6651785714285714, 0.76777388075098]",0.6983045190050703,0.03571847180641511
gradient_boosting,tfidf,"(1, 1)",{'n_estimators': 100},Solo Lematizacion,None,"{'Clickbait': {'precision': 0.6627218934911243, 'recall': 0.56, 'f1-score': 0.6070460704607046, 'support': 200.0}, 'No': {'precision': 0.8342749529190208, 'recall': 0.886, 'f1-score': 0.8593598448108632, 'support': 500.0}, 'accuracy': 0.7928571428571428, 'macro avg': {'precision': 0.7484984232050725, 'recall': 0.7230000000000001, 'f1-score': 0.7332029576357839, 'support': 700.0}, 'weighted avg': {'precision': 0.785259793082479, 'recall': 0.7928571428571428, 'f1-score': 0.7872701949965322, 'support': 700.0}}",0.7928571428571428,0.7332029576357839,0.7484984232050725,0.7230000000000001,0.7872701949965322,"[0.6801270974768858, 0.7173035104069587, 0.7124722149443454, 0.6978967163816936, 0.7807074794413262]",0.7177014037302419,0.03406265533501725
svc,frecuencia,"(1, 1)","{'kernel': 'linear', 'C': 1.0}",Solo Lematizacion,None,"{'Clickbait': {'precision': 0.6373626373626373, 'recall': 0.58, 'f1-score': 0.6073298429319371, 'support': 200.0}, 'No': {'precision': 0.8378378378378378, 'recall': 0.868, 'f1-score': 0.8526522593320236, 'support': 500.0}, 'accuracy': 0.7857142857142857, 'macro avg': {'precision': 0.7376002376002375, 'recall': 0.724, 'f1-score': 0.7299910511319804, 'support': 700.0}, 'weighted avg': {'precision': 0.7805592091306377, 'recall': 0.7857142857142857, 'f1-score': 0.7825601403605703, 'support': 700.0}}",0.7857142857142857,0.7299910511319804,0.7376002376002375,0.724,0.7825601403605703,"[0.7066154898197781, 0.709320930232558, 0.7251450378311606, 0.68307809501908, 0.7266830404937339]",0.7101685186792622,0.015775037438987664
random_forest,tfidf,"(1, 1)",{'n_estimators': 100},Solo Lematizacion,None,"{'Clickbait': {'precision': 0.746031746031746, 'recall': 0.47, 'f1-score': 0.5766871165644172, 'support': 200.0}, 'No': {'precision': 0.8153310104529616, 'recall': 0.936, 'f1-score': 0.8715083798882681, 'support': 500.0}, 'accuracy': 0.8028571428571428, 'macro avg': {'precision': 0.7806813782423538, 'recall': 0.7030000000000001, 'f1-score': 0.7240977482263427, 'support': 700.0}, 'weighted avg': {'precision': 0.7955312206183287, 'recall': 0.8028571428571428, 'f1-score': 0.7872737332243106, 'support': 700.0}}",0.8028571428571428,0.7240977482263427,0.7806813782423538,0.7030000000000001,0.7872737332243106,"[0.6978967163816936, 0.6879343350903417, 0.6911738604957784, 0.6879343350903417, 0.7842656415694591]",0.7098409777255229,0.037389729114003206
naive_bayes,binaria,"(1, 1)",{},Solo Lematizacion,None,"{'Clickbait': {'precision': 0.5528455284552846, 'recall': 0.68, 'f1-score': 0.6098654708520179, 'support': 200.0}, 'No': {'precision': 0.8590308370044053, 'recall': 0.78, 'f1-score': 0.8176100628930818, 'support': 500.0}, 'accuracy': 0.7514285714285714, 'macro avg': {'precision': 0.705938182729845, 'recall': 0.73, 'f1-score': 0.7137377668725499, 'support': 700.0}, 'weighted avg': {'precision': 0.771549320276085, 'recall': 0.7514285714285714, 'f1-score': 0.7582544651670636, 'support': 700.0}}",0.7514285714285714,0.7137377668725499,0.705938182729845,0.73,0.7582544651670636,"[0.6514055282153606, 0.6354166666666666, 0.6528363627067515, 0.6303199751475613, 0.6385203364266175]",0.6416997738325916,0.00891416127158941
mlp,binaria,"(1, 1)","{'hidden_layer_sizes': (100,), 'max_iter': 100}",Solo Lematizacion,None,"{'Clickbait': {'precision': 0.5978260869565217, 'recall': 0.55, 'f1-score': 0.5729166666666666, 'support': 200.0}, 'No': {'precision': 0.8255813953488372, 'recall': 0.852, 'f1-score': 0.8385826771653543, 'support': 500.0}, 'accuracy': 0.7657142857142857, 'macro avg': {'precision': 0.7117037411526794, 'recall': 0.7010000000000001, 'f1-score': 0.7057496719160105, 'support': 700.0}, 'weighted avg': {'precision': 0.7605084500938899, 'recall': 0.7657142857142857, 'f1-score': 0.7626781027371579, 'support': 700.0}}",0.7657142857142857,0.7057496719160105,0.7117037411526794,0.7010000000000001,0.7626781027371579,"[0.6695563937970133, 0.6888888888888889, 0.7374075644443805, 0.6755007434619085, 0.6724705081669691]",0.688764819751832,0.02520530079918305
svc,tfidf,"(2, 2)","{'kernel': 'linear', 'C': 1.0}",Solo Lematizacion,None,"{'Clickbait': {'precision': 0.7154471544715447, 'recall': 0.44, 'f1-score': 0.544891640866873, 'support': 200.0}, 'No': {'precision': 0.8058925476603119, 'recall': 0.93, 'f1-score': 0.8635097493036211, 'support': 500.0}, 'accuracy': 0.79, 'macro avg': {'precision': 0.7606698510659283, 'recall': 0.685, 'f1-score': 0.7042006950852471, 'support': 700.0}, 'weighted avg': {'precision': 0.7800510067492357, 'recall': 0.79, 'f1-score': 0.7724760040359787, 'support': 700.0}}",0.79,0.7042006950852471,0.7606698510659283,0.685,0.7724760040359787,"[0.6720866288740284, 0.6384264755190256, 0.6232023271198267, 0.6079781787206278, 0.6755048287971905]",0.6434396878061398,0.02661211074277461
mlp,frecuencia,"(1, 1)","{'hidden_layer_sizes': (100,), 'max_iter': 100}",Solo Lematizacion,None,"{'Clickbait': {'precision': 0.6081871345029239, 'recall': 0.52, 'f1-score': 0.5606469002695418, 'support': 200.0}, 'No': {'precision': 0.8185255198487713, 'recall': 0.866, 'f1-score': 0.8415937803692906, 'support': 500.0}, 'accuracy': 0.7671428571428571, 'macro avg': {'precision': 0.7133563271758476, 'recall': 0.6930000000000001, 'f1-score': 0.7011203403194162, 'support': 700.0}, 'weighted avg': {'precision': 0.7584288383213863, 'recall': 0.7671428571428571, 'f1-score': 0.7613232431979339, 'support': 700.0}}",0.7671428571428571,0.7011203403194162,0.7133563271758476,0.6930000000000001,0.7613232431979339,"[0.6859237536656891, 0.6740481769754142, 0.7104045379907449, 0.6593116279069767, 0.6610071776541466]",0.6781390548385944,0.018795592256112277
naive_bayes,frecuencia,"(1, 1)",{},Solo Lematizacion,None,"{'Clickbait': {'precision': 0.5368852459016393, 'recall': 0.655, 'f1-score': 0.5900900900900901, 'support': 200.0}, 'No': {'precision': 0.8486842105263158, 'recall': 0.774, 'f1-score': 0.8096234309623431, 'support': 500.0}, 'accuracy': 0.74, 'macro avg': {'precision': 0.6927847282139776, 'recall': 0.7145, 'f1-score': 0.6998567605262166, 'support': 700.0}, 'weighted avg': {'precision': 0.7595987920621226, 'recall': 0.74, 'f1-score': 0.7468996192845566, 'support': 700.0}}",0.74,0.6998567605262166,0.6927847282139776,0.7145,0.7468996192845566,"[0.6422726209960252, 0.6282706766917293, 0.679574778460584, 0.6334200438116101, 0.6291314214978337]",0.6425339082915564,0.01917406210282322
logistic_regression,tfidf,"(2, 2)",{'max_iter': 200},Solo Lematizacion,None,"{'Clickbait': {'precision': 0.717948717948718, 'recall': 0.42, 'f1-score': 0.5299684542586751, 'support': 200.0}, 'No': {'precision': 0.8010291595197255, 'recall': 0.934, 'f1-score': 0.8624192059095106, 'support': 500.0}, 'accuracy': 0.7871428571428571, 'macro avg': {'precision': 0.7594889387342217, 'recall': 0.677, 'f1-score': 0.6961938300840929, 'support': 700.0}, 'weighted avg': {'precision': 0.7772918904994377, 'recall': 0.7871428571428571, 'f1-score': 0.7674332768664148, 'support': 700.0}}",0.7871428571428571,0.6961938300840929,0.7594889387342217,0.677,0.7674332768664148,"[0.5116485560864235, 0.5350100267379679, 0.5278171788810087, 0.48125677139761647, 0.5085590465872156]",0.5128583159380463,0.0186175762391352
naive_bayes,tfidf,"(1, 1)",{},Solo Lematizacion,None,"{'Clickbait': {'precision': 0.4982456140350877, 'recall': 0.71, 'f1-score': 0.5855670103092784, 'support': 200.0}, 'No': {'precision': 0.8602409638554217, 'recall': 0.714, 'f1-score': 0.780327868852459, 'support': 500.0}, 'accuracy': 0.7128571428571429, 'macro avg': {'precision': 0.6792432889452547, 'recall': 0.712, 'f1-score': 0.6829474395808687, 'support': 700.0}, 'weighted avg': {'precision': 0.7568137210496121, 'recall': 0.7128571428571429, 'f1-score': 0.7246819092686931, 'support': 700.0}}",0.7128571428571429,0.6829474395808687,0.6792432889452547,0.712,0.7246819092686931,"[0.43422074067309013, 0.4428002857434432, 0.43422074067309013, 0.43422074067309013, 0.4607136420976753]",0.44123522997207776,0.010290453040356824
logistic_regression,binaria,"(2, 2)",{'max_iter': 200},Solo Lematizacion,None,"{'Clickbait': {'precision': 0.8, 'recall': 0.36, 'f1-score': 0.496551724137931, 'support': 200.0}, 'No': {'precision': 0.7901639344262295, 'recall': 0.964, 'f1-score': 0.8684684684684685, 'support': 500.0}, 'accuracy': 0.7914285714285715, 'macro avg': {'precision': 0.7950819672131147, 'recall': 0.6619999999999999, 'f1-score': 0.6825100963031998, 'support': 700.0}, 'weighted avg': {'precision': 0.7929742388758781, 'recall': 0.7914285714285715, 'f1-score': 0.7622065415168863, 'support': 700.0}}",0.7914285714285715,0.6825100963031998,0.7950819672131147,0.6619999999999999,0.7622065415168863,"[0.6502976190476191, 0.6139705882352942, 0.6122389980509367, 0.5985294117647059, 0.6580649292437728]",0.6266203092684657,0.023260761814217098
mlp,tfidf,"(1, 1)","{'hidden_layer_sizes': (100,), 'max_iter': 100}",Solo Lematizacion,None,"{'Clickbait': {'precision': 0.5755813953488372, 'recall': 0.495, 'f1-score': 0.532258064516129, 'support': 200.0}, 'No': {'precision': 0.8087121212121212, 'recall': 0.854, 'f1-score': 0.830739299610895, 'support': 500.0}, 'accuracy': 0.7514285714285714, 'macro avg': {'precision': 0.6921467582804792, 'recall': 0.6745, 'f1-score': 0.681498682063512, 'support': 700.0}, 'weighted avg': {'precision': 0.7421033423940401, 'recall': 0.7514285714285714, 'f1-score': 0.745458946726676, 'support': 700.0}}",0.7514285714285714,0.681498682063512,0.6921467582804792,0.6745,0.745458946726676,"[0.6551312292854797, 0.6740481769754142, 0.6891147027330022, 0.6210162345786668, 0.6287486255937794]",0.6536117938332684,0.025927046103998014
gradient_boosting,binaria,"(2, 2)",{'n_estimators': 100},Solo Lematizacion,None,"{'Clickbait': {'precision': 0.7551020408163265, 'recall': 0.37, 'f1-score': 0.4966442953020134, 'support': 200.0}, 'No': {'precision': 0.7906976744186046, 'recall': 0.952, 'f1-score': 0.8638838475499092, 'support': 500.0}, 'accuracy': 0.7857142857142857, 'macro avg': {'precision': 0.7728998576174655, 'recall': 0.661, 'f1-score': 0.6802640714259613, 'support': 700.0}, 'weighted avg': {'precision': 0.7805274933893822, 'recall': 0.7857142857142857, 'f1-score': 0.7589582611933675, 'support': 700.0}}",0.7857142857142857,0.6802640714259613,0.7728998576174655,0.661,0.7589582611933675,"[0.655850540806293, 0.6300044984255511, 0.6371323529411765, 0.5653022965161694, 0.6501457725947521]",0.6276870922567884,0.03250851647513082
gradient_boosting,frecuencia,"(2, 2)",{'n_estimators': 100},Solo Lematizacion,None,"{'Clickbait': {'precision': 0.7142857142857143, 'recall': 0.375, 'f1-score': 0.4918032786885246, 'support': 200.0}, 'No': {'precision': 0.7899159663865546, 'recall': 0.94, 'f1-score': 0.8584474885844748, 'support': 500.0}, 'accuracy': 0.7785714285714286, 'macro avg': {'precision': 0.7521008403361344, 'recall': 0.6575, 'f1-score': 0.6751253836364997, 'support': 700.0}, 'weighted avg': {'precision': 0.7683073229291717, 'recall': 0.7785714285714286, 'f1-score': 0.7536920000427748, 'support': 700.0}}",0.7785714285714286,0.6751253836364997,0.7521008403361344,0.6575,0.7536920000427748,"[0.655850540806293, 0.6242053214033435, 0.6315074945280248, 0.5588538445681303, 0.6637626559924653]",0.6268359714596514,0.03702901102959412
logistic_regression,frecuencia,"(2, 2)",{'max_iter': 200},Solo Lematizacion,None,"{'Clickbait': {'precision': 0.7666666666666667, 'recall': 0.345, 'f1-score': 0.47586206896551725, 'support': 200.0}, 'No': {'precision': 0.7852459016393443, 'recall': 0.958, 'f1-score': 0.863063063063063, 'support': 500.0}, 'accuracy': 0.7828571428571428, 'macro avg': {'precision': 0.7759562841530054, 'recall': 0.6515, 'f1-score': 0.6694625660142901, 'support': 700.0}, 'weighted avg': {'precision': 0.7799375487900079, 'recall': 0.7828571428571428, 'f1-score': 0.7524342076066215, 'support': 700.0}}",0.7828571428571428,0.6694625660142901,0.7759562841530054,0.6515,0.7524342076066215,"[0.6577380952380952, 0.6159920206134153, 0.6122389980509367, 0.5946397416385166, 0.6625384423572438]",0.6286294595796416,0.026761109100239485
random_forest,tfidf,"(2, 2)",{'n_estimators': 100},Solo Lematizacion,None,"{'Clickbait': {'precision': 0.7244897959183674, 'recall': 0.355, 'f1-score': 0.47651006711409394, 'support': 200.0}, 'No': {'precision': 0.7857142857142857, 'recall': 0.946, 'f1-score': 0.8584392014519057, 'support': 500.0}, 'accuracy': 0.7771428571428571, 'macro avg': {'precision': 0.7551020408163265, 'recall': 0.6505, 'f1-score': 0.6674746342829998, 'support': 700.0}, 'weighted avg': {'precision': 0.7682215743440233, 'recall': 0.7771428571428571, 'f1-score': 0.7493165916411023, 'support': 700.0}}",0.7771428571428571,0.6674746342829998,0.7551020408163265,0.6505,0.7493165916411023,"[0.6643609022556392, 0.6329072435267126, 0.6329072435267126, 0.6294117647058823, 0.6651785714285714]",0.6449531450887036,0.016232503823908707
svc,binaria,"(2, 2)","{'kernel': 'linear', 'C': 1.0}",Solo Lematizacion,None,"{'Clickbait': {'precision': 0.788235294117647, 'recall': 0.335, 'f1-score': 0.47017543859649125, 'support': 200.0}, 'No': {'precision': 0.7837398373983739, 'recall': 0.964, 'f1-score': 0.8645739910313901, 'support': 500.0}, 'accuracy': 0.7842857142857143, 'macro avg': {'precision': 0.7859875657580104, 'recall': 0.6495, 'f1-score': 0.6673747148139406, 'support': 700.0}, 'weighted avg': {'precision': 0.7850242536038805, 'recall': 0.7842857142857143, 'f1-score': 0.7518886903357046, 'support': 700.0}}",0.7842857142857143,0.6673747148139406,0.7859875657580104,0.6495,0.7518886903357046,"[0.6843581949964929, 0.638630377524144, 0.6211574541780921, 0.6401926291888115, 0.6814684152670195]",0.653161414230912,0.02521158190236404
mlp,binaria,"(2, 2)","{'hidden_layer_sizes': (100,), 'max_iter': 100}",Solo Lematizacion,None,"{'Clickbait': {'precision': 0.7029702970297029, 'recall': 0.355, 'f1-score': 0.4717607973421927, 'support': 200.0}, 'No': {'precision': 0.7846410684474123, 'recall': 0.94, 'f1-score': 0.8553230209281165, 'support': 500.0}, 'accuracy': 0.7728571428571429, 'macro avg': {'precision': 0.7438056827385576, 'recall': 0.6475, 'f1-score': 0.6635419091351547, 'support': 700.0}, 'weighted avg': {'precision': 0.7613065623280668, 'recall': 0.7728571428571429, 'f1-score': 0.7457338141892811, 'support': 700.0}}",0.7728571428571429,0.6635419091351547,0.7438056827385576,0.6475,0.7457338141892811,"[0.6624228395061729, 0.6698755060472114, 0.6685409884581237, 0.660603371783496, 0.6667206477732793]",0.6656326707136567,0.003556417353521909
naive_bayes,tfidf,"(2, 2)",{},Solo Lematizacion,None,"{'Clickbait': {'precision': 0.47202797202797203, 'recall': 0.675, 'f1-score': 0.5555555555555556, 'support': 200.0}, 'No': {'precision': 0.8429951690821256, 'recall': 0.698, 'f1-score': 0.7636761487964989, 'support': 500.0}, 'accuracy': 0.6914285714285714, 'macro avg': {'precision': 0.6575115705550488, 'recall': 0.6865, 'f1-score': 0.6596158521760273, 'support': 700.0}, 'weighted avg': {'precision': 0.7370045413523674, 'recall': 0.6914285714285714, 'f1-score': 0.7042131221562293, 'support': 700.0}}",0.6914285714285714,0.6596158521760273,0.6575115705550488,0.6865,0.7042131221562293,"[0.43327550430316014, 0.4512524779239503, 0.4677871148459384, 0.42638888888888893, 0.4523250671837262]",0.4462058106291328,0.014755135053304417
naive_bayes,binaria,"(2, 2)",{},Solo Lematizacion,None,"{'Clickbait': {'precision': 0.48760330578512395, 'recall': 0.59, 'f1-score': 0.5339366515837104, 'support': 200.0}, 'No': {'precision': 0.8209606986899564, 'recall': 0.752, 'f1-score': 0.7849686847599165, 'support': 500.0}, 'accuracy': 0.7057142857142857, 'macro avg': {'precision': 0.6542820022375402, 'recall': 0.671, 'f1-score': 0.6594526681718135, 'support': 700.0}, 'weighted avg': {'precision': 0.7257157292885756, 'recall': 0.7057142857142857, 'f1-score': 0.7132452467095719, 'support': 700.0}}",0.7057142857142857,0.6594526681718135,0.6542820022375402,0.671,0.7132452467095719,"[0.6759259259259259, 0.6282706766917293, 0.6568599133484629, 0.6364438711429444, 0.705325675499282]",0.660565212521669,0.027849437906719687
random_forest,binaria,"(2, 2)",{'n_estimators': 100},Solo Lematizacion,None,"{'Clickbait': {'precision': 0.8591549295774648, 'recall': 0.305, 'f1-score': 0.45018450184501846, 'support': 200.0}, 'No': {'precision': 0.7790143084260731, 'recall': 0.98, 'f1-score': 0.8680248007085917, 'support': 500.0}, 'accuracy': 0.7871428571428571, 'macro avg': {'precision': 0.8190846190017689, 'recall': 0.6425, 'f1-score': 0.6591046512768051, 'support': 700.0}, 'weighted avg': {'precision': 0.8019116287550422, 'recall': 0.7871428571428571, 'f1-score': 0.7486418581761423, 'support': 700.0}}",0.7871428571428571,0.6591046512768051,0.8190846190017689,0.6425,0.7486418581761423,"[0.661262698117824, 0.6084160747412029, 0.6124097382766789, 0.5899078269020466, 0.6465728274173806]",0.6237138330910266,0.026218699094210058
random_forest,frecuencia,"(2, 2)",{'n_estimators': 100},Solo Lematizacion,None,"{'Clickbait': {'precision': 0.8076923076923077, 'recall': 0.315, 'f1-score': 0.45323741007194246, 'support': 200.0}, 'No': {'precision': 0.7797427652733119, 'recall': 0.97, 'f1-score': 0.8645276292335116, 'support': 500.0}, 'accuracy': 0.7828571428571428, 'macro avg': {'precision': 0.7937175364828097, 'recall': 0.6425, 'f1-score': 0.658882519652727, 'support': 700.0}, 'weighted avg': {'precision': 0.7877283488215965, 'recall': 0.7828571428571428, 'f1-score': 0.7470161380444919, 'support': 700.0}}",0.7828571428571428,0.658882519652727,0.7937175364828097,0.6425,0.7470161380444919,"[0.655850540806293, 0.6144430844553244, 0.6183408428306387, 0.6044181864885693, 0.6546052631578947]",0.629531583547744,0.021470701501725597
svc,frecuencia,"(2, 2)","{'kernel': 'linear', 'C': 1.0}",Solo Lematizacion,None,"{'Clickbait': {'precision': 0.7415730337078652, 'recall': 0.33, 'f1-score': 0.45674740484429066, 'support': 200.0}, 'No': {'precision': 0.7806873977086743, 'recall': 0.954, 'f1-score': 0.8586858685868587, 'support': 500.0}, 'accuracy': 0.7757142857142857, 'macro avg': {'precision': 0.7611302157082698, 'recall': 0.642, 'f1-score': 0.6577166367155747, 'support': 700.0}, 'weighted avg': {'precision': 0.7695118651370145, 'recall': 0.7757142857142857, 'f1-score': 0.7438463075175535, 'support': 700.0}}",0.7757142857142857,0.6577166367155747,0.7611302157082698,0.642,0.7438463075175535,"[0.6915205281617496, 0.6279761904761905, 0.6321189803725287, 0.6373209030927489, 0.6725324658992782]",0.6522938136004991,0.025182918502056596
naive_bayes,frecuencia,"(2, 2)",{},Solo Lematizacion,None,"{'Clickbait': {'precision': 0.47478991596638653, 'recall': 0.565, 'f1-score': 0.5159817351598174, 'support': 200.0}, 'No': {'precision': 0.8116883116883117, 'recall': 0.75, 'f1-score': 0.7796257796257796, 'support': 500.0}, 'accuracy': 0.6971428571428572, 'macro avg': {'precision': 0.6432391138273491, 'recall': 0.6575, 'f1-score': 0.6478037573927985, 'support': 700.0}, 'weighted avg': {'precision': 0.7154316271963331, 'recall': 0.6971428571428572, 'f1-score': 0.7042989097783618, 'support': 700.0}}",0.6971428571428572,0.6478037573927985,0.6432391138273491,0.6575,0.7042989097783618,"[0.6624228395061729, 0.614507119817481, 0.6505025453596136, 0.6401926291888115, 0.7007287449392712]",0.6536707757622701,0.02834269270462032
mlp,frecuencia,"(2, 2)","{'hidden_layer_sizes': (100,), 'max_iter': 100}",Solo Lematizacion,None,"{'Clickbait': {'precision': 0.6448598130841121, 'recall': 0.345, 'f1-score': 0.4495114006514658, 'support': 200.0}, 'No': {'precision': 0.7790893760539629, 'recall': 0.924, 'f1-score': 0.8453796889295517, 'support': 500.0}, 'accuracy': 0.7585714285714286, 'macro avg': {'precision': 0.7119745945690374, 'recall': 0.6345000000000001, 'f1-score': 0.6474455447905088, 'support': 700.0}, 'weighted avg': {'precision': 0.7407380723482911, 'recall': 0.7585714285714286, 'f1-score': 0.7322744637072414, 'support': 700.0}}",0.7585714285714286,0.6474455447905088,0.7119745945690374,0.6345000000000001,0.7322744637072414,"[0.6624228395061729, 0.6406078860898138, 0.6776562822364349, 0.6484041645331968, 0.6629849900877938]",0.6584152324906825,0.01284122004558299
mlp,tfidf,"(2, 2)","{'hidden_layer_sizes': (100,), 'max_iter': 100}",Solo Lematizacion,None,"{'Clickbait': {'precision': 0.5932203389830508, 'recall': 0.35, 'f1-score': 0.44025157232704404, 'support': 200.0}, 'No': {'precision': 0.7766323024054983, 'recall': 0.904, 'f1-score': 0.8354898336414048, 'support': 500.0}, 'accuracy': 0.7457142857142857, 'macro avg': {'precision': 0.6849263206942746, 'recall': 0.627, 'f1-score': 0.6378707029842244, 'support': 700.0}, 'weighted avg': {'precision': 0.724228884284799, 'recall': 0.7457142857142857, 'f1-score': 0.722564616123016, 'support': 700.0}}",0.7457142857142857,0.6378707029842244,0.6849263206942746,0.627,0.722564616123016,"[0.6521874999999999, 0.6611522818574245, 0.6719536621014454, 0.6674480044528415, 0.6784496291885455]",0.6662382155200512,0.009017071259736277
gradient_boosting,tfidf,"(2, 2)",{'n_estimators': 100},Solo Lematizacion,None,"{'Clickbait': {'precision': 0.5932203389830508, 'recall': 0.35, 'f1-score': 0.44025157232704404, 'support': 200.0}, 'No': {'precision': 0.7766323024054983, 'recall': 0.904, 'f1-score': 0.8354898336414048, 'support': 500.0}, 'accuracy': 0.7457142857142857, 'macro avg': {'precision': 0.6849263206942746, 'recall': 0.627, 'f1-score': 0.6378707029842244, 'support': 700.0}, 'weighted avg': {'precision': 0.724228884284799, 'recall': 0.7457142857142857, 'f1-score': 0.722564616123016, 'support': 700.0}}",0.7457142857142857,0.6378707029842244,0.6849263206942746,0.627,0.722564616123016,"[0.6535353535353535, 0.6426970608951783, 0.6329072435267126, 0.6004765466988059, 0.6438780059266251]",0.6346988421165352,0.01831621163603526
gradient_boosting,tfidf,"(3, 3)",{'n_estimators': 100},Solo Lematizacion,None,"{'Clickbait': {'precision': 0.7457627118644068, 'recall': 0.22, 'f1-score': 0.33976833976833976, 'support': 200.0}, 'No': {'precision': 0.7566302652106084, 'recall': 0.97, 'f1-score': 0.8501314636283961, 'support': 500.0}, 'accuracy': 0.7557142857142857, 'macro avg': {'precision': 0.7511964885375075, 'recall': 0.595, 'f1-score': 0.5949499016983679, 'support': 700.0}, 'weighted avg': {'precision': 0.7535252499688365, 'recall': 0.7557142857142857, 'f1-score': 0.7043134282398086, 'support': 700.0}}",0.7557142857142857,0.5949499016983679,0.7511964885375075,0.595,0.7043134282398086,"[0.6216911764705882, 0.5903457772337821, 0.5884350829123498, 0.5457142857142857, 0.5873976680724387]",0.586716798080689,0.02417022441153111
svc,tfidf,"(3, 3)","{'kernel': 'linear', 'C': 1.0}",Solo Lematizacion,None,"{'Clickbait': {'precision': 0.7547169811320755, 'recall': 0.2, 'f1-score': 0.31620553359683795, 'support': 200.0}, 'No': {'precision': 0.7527047913446677, 'recall': 0.974, 'f1-score': 0.8491717523975588, 'support': 500.0}, 'accuracy': 0.7528571428571429, 'macro avg': {'precision': 0.7537108862383717, 'recall': 0.587, 'f1-score': 0.5826886429971984, 'support': 700.0}, 'weighted avg': {'precision': 0.7532797027124984, 'recall': 0.7528571428571429, 'f1-score': 0.6968956898830672, 'support': 700.0}}",0.7528571428571429,0.5826886429971984,0.7537108862383717,0.587,0.6968956898830672,"[0.5903457772337821, 0.5677791678437386, 0.6064106487148102, 0.5366430260047281, 0.5732714826712098]",0.5748900204936538,0.023445455412057076
logistic_regression,tfidf,"(3, 3)",{'max_iter': 200},Solo Lematizacion,None,"{'Clickbait': {'precision': 0.7755102040816326, 'recall': 0.19, 'f1-score': 0.30522088353413657, 'support': 200.0}, 'No': {'precision': 0.7511520737327189, 'recall': 0.978, 'f1-score': 0.8496959165942659, 'support': 500.0}, 'accuracy': 0.7528571428571429, 'macro avg': {'precision': 0.7633311389071757, 'recall': 0.584, 'f1-score': 0.5774584000642012, 'support': 700.0}, 'weighted avg': {'precision': 0.7581115395466942, 'recall': 0.7528571428571429, 'f1-score': 0.694131621434229, 'support': 700.0}}",0.7528571428571429,0.5774584000642012,0.7633311389071757,0.584,0.694131621434229,"[0.4428002857434432, 0.45845004668534084, 0.4255106380533109, 0.435165921447373, 0.44381021964473266]",0.4411474223148401,0.010858090365340118
naive_bayes,binaria,"(3, 3)",{},Solo Lematizacion,None,"{'Clickbait': {'precision': 0.3783783783783784, 'recall': 0.63, 'f1-score': 0.4727954971857411, 'support': 200.0}, 'No': {'precision': 0.7983651226158038, 'recall': 0.586, 'f1-score': 0.6758938869665513, 'support': 500.0}, 'accuracy': 0.5985714285714285, 'macro avg': {'precision': 0.5883717504970911, 'recall': 0.608, 'f1-score': 0.5743446920761461, 'support': 700.0}, 'weighted avg': {'precision': 0.6783689099765394, 'recall': 0.5985714285714285, 'f1-score': 0.6178657756006055, 'support': 700.0}}",0.5985714285714285,0.5743446920761461,0.5883717504970911,0.608,0.6178657756006055,"[0.6212298339957915, 0.612246425630661, 0.6159809183064997, 0.6142686465267111, 0.6421682098765432]",0.6211788068672413,0.010909751953477926
naive_bayes,tfidf,"(3, 3)",{},Solo Lematizacion,None,"{'Clickbait': {'precision': 0.3793103448275862, 'recall': 0.66, 'f1-score': 0.48175182481751827, 'support': 200.0}, 'No': {'precision': 0.8068181818181818, 'recall': 0.568, 'f1-score': 0.6666666666666666, 'support': 500.0}, 'accuracy': 0.5942857142857143, 'macro avg': {'precision': 0.593064263322884, 'recall': 0.614, 'f1-score': 0.5742092457420924, 'support': 700.0}, 'weighted avg': {'precision': 0.6846730855351544, 'recall': 0.5942857142857143, 'f1-score': 0.613833854709767, 'support': 700.0}}",0.5942857142857143,0.5742092457420924,0.593064263322884,0.614,0.613833854709767,"[0.4677871148459384, 0.4677871148459384, 0.4677871148459384, 0.44381021964473266, 0.4607136420976753]",0.4615770412560446,0.009296240640716465
naive_bayes,frecuencia,"(3, 3)",{},Solo Lematizacion,None,"{'Clickbait': {'precision': 0.3772455089820359, 'recall': 0.63, 'f1-score': 0.47191011235955055, 'support': 200.0}, 'No': {'precision': 0.7978142076502732, 'recall': 0.584, 'f1-score': 0.674364896073903, 'support': 500.0}, 'accuracy': 0.5971428571428572, 'macro avg': {'precision': 0.5875298583161546, 'recall': 0.607, 'f1-score': 0.5731375042167268, 'support': 700.0}, 'weighted avg': {'precision': 0.6776517223164912, 'recall': 0.5971428571428572, 'f1-score': 0.6165206721555166, 'support': 700.0}}",0.5971428571428572,0.5731375042167268,0.5875298583161546,0.607,0.6165206721555166,"[0.612246425630661, 0.6152671755725191, 0.6206743566992015, 0.6103550367460209, 0.6421682098765432]",0.620142240904989,0.011552713814907765
mlp,tfidf,"(3, 3)","{'hidden_layer_sizes': (100,), 'max_iter': 100}",Solo Lematizacion,None,"{'Clickbait': {'precision': 0.5164835164835165, 'recall': 0.235, 'f1-score': 0.3230240549828179, 'support': 200.0}, 'No': {'precision': 0.7487684729064039, 'recall': 0.912, 'f1-score': 0.8223624887285843, 'support': 500.0}, 'accuracy': 0.7185714285714285, 'macro avg': {'precision': 0.6326259946949602, 'recall': 0.5735, 'f1-score': 0.5726932718557011, 'support': 700.0}, 'weighted avg': {'precision': 0.6824013424998646, 'recall': 0.7185714285714285, 'f1-score': 0.6796943648012225, 'support': 700.0}}",0.7185714285714285,0.5726932718557011,0.6326259946949602,0.5735,0.6796943648012225,"[0.6103550367460209, 0.6259109311740891, 0.6191093117408907, 0.6162380890223208, 0.6084104938271605]",0.6160047725020964,0.006283584372387853
mlp,binaria,"(3, 3)","{'hidden_layer_sizes': (100,), 'max_iter': 100}",Solo Lematizacion,None,"{'Clickbait': {'precision': 0.5857142857142857, 'recall': 0.205, 'f1-score': 0.3037037037037037, 'support': 200.0}, 'No': {'precision': 0.7476190476190476, 'recall': 0.942, 'f1-score': 0.8336283185840708, 'support': 500.0}, 'accuracy': 0.7314285714285714, 'macro avg': {'precision': 0.6666666666666667, 'recall': 0.5735, 'f1-score': 0.5686660111438873, 'support': 700.0}, 'weighted avg': {'precision': 0.7013605442176871, 'recall': 0.7314285714285714, 'f1-score': 0.6822212857611089, 'support': 700.0}}",0.7314285714285714,0.5686660111438873,0.6666666666666667,0.5735,0.6822212857611089,"[0.5870206489675516, 0.5698550724637681, 0.609963946247132, 0.5761204932765598, 0.6251007444254751]",0.5936121810760974,0.020845706959702424
mlp,frecuencia,"(3, 3)","{'hidden_layer_sizes': (100,), 'max_iter': 100}",Solo Lematizacion,None,"{'Clickbait': {'precision': 0.6166666666666667, 'recall': 0.185, 'f1-score': 0.2846153846153846, 'support': 200.0}, 'No': {'precision': 0.7453125, 'recall': 0.954, 'f1-score': 0.8368421052631579, 'support': 500.0}, 'accuracy': 0.7342857142857143, 'macro avg': {'precision': 0.6809895833333334, 'recall': 0.5695, 'f1-score': 0.5607287449392713, 'support': 700.0}, 'weighted avg': {'precision': 0.7085565476190476, 'recall': 0.7342857142857143, 'f1-score': 0.6790630422209369, 'support': 700.0}}",0.7342857142857143,0.5607287449392713,0.6809895833333334,0.5695,0.6790630422209369,"[0.5908500505123394, 0.5903457772337821, 0.6079781787206278, 0.5870206489675516, 0.6111111111111112]",0.5974611533090824,0.010002685232394743
random_forest,tfidf,"(3, 3)",{'n_estimators': 100},Solo Lematizacion,None,"{'Clickbait': {'precision': 0.8857142857142857, 'recall': 0.155, 'f1-score': 0.26382978723404255, 'support': 200.0}, 'No': {'precision': 0.7458646616541353, 'recall': 0.992, 'f1-score': 0.8515021459227468, 'support': 500.0}, 'accuracy': 0.7528571428571429, 'macro avg': {'precision': 0.8157894736842105, 'recall': 0.5735, 'f1-score': 0.5576659665783946, 'support': 700.0}, 'weighted avg': {'precision': 0.7858216970998927, 'recall': 0.7528571428571429, 'f1-score': 0.6835957577259741, 'support': 700.0}}",0.7528571428571429,0.5576659665783946,0.8157894736842105,0.5735,0.6835957577259741,"[0.5761204932765598, 0.5474091482876466, 0.5593042495661649, 0.49945828819068255, 0.5366430260047281]",0.5437870410651564,0.025750459548877534
gradient_boosting,binaria,"(3, 3)",{'n_estimators': 100},Solo Lematizacion,None,"{'Clickbait': {'precision': 0.8157894736842105, 'recall': 0.155, 'f1-score': 0.2605042016806723, 'support': 200.0}, 'No': {'precision': 0.7447129909365559, 'recall': 0.986, 'f1-score': 0.8485370051635112, 'support': 500.0}, 'accuracy': 0.7485714285714286, 'macro avg': {'precision': 0.7802512323103832, 'recall': 0.5705, 'f1-score': 0.5545206034220918, 'support': 700.0}, 'weighted avg': {'precision': 0.7650205574358857, 'recall': 0.7485714285714286, 'f1-score': 0.680527632739843, 'support': 700.0}}",0.7485714285714286,0.5545206034220918,0.7802512323103832,0.5705,0.680527632739843,"[0.6063877642825011, 0.5790622674274374, 0.5716741615594557, 0.5189913317572892, 0.5714285714285714]",0.5695088192910509,0.028325662065023863
gradient_boosting,frecuencia,"(3, 3)",{'n_estimators': 100},Solo Lematizacion,None,"{'Clickbait': {'precision': 0.7948717948717948, 'recall': 0.155, 'f1-score': 0.2594142259414226, 'support': 200.0}, 'No': {'precision': 0.7443267776096822, 'recall': 0.984, 'f1-score': 0.8475452196382429, 'support': 500.0}, 'accuracy': 0.7471428571428571, 'macro avg': {'precision': 0.7695992862407386, 'recall': 0.5695, 'f1-score': 0.5534797227898327, 'support': 700.0}, 'weighted avg': {'precision': 0.7587682111131431, 'recall': 0.7471428571428571, 'f1-score': 0.6795077928677228, 'support': 700.0}}",0.7471428571428571,0.5534797227898327,0.7695992862407386,0.5695,0.6795077928677228,"[0.6063877642825011, 0.5743997752606074, 0.5588538445681303, 0.5189913317572892, 0.5847290043988861]",0.5686723440534827,0.02924954238154793
random_forest,frecuencia,"(3, 3)",{'n_estimators': 100},Solo Lematizacion,None,"{'Clickbait': {'precision': 0.9285714285714286, 'recall': 0.13, 'f1-score': 0.22807017543859648, 'support': 200.0}, 'No': {'precision': 0.7410714285714286, 'recall': 0.996, 'f1-score': 0.8498293515358362, 'support': 500.0}, 'accuracy': 0.7485714285714286, 'macro avg': {'precision': 0.8348214285714286, 'recall': 0.563, 'f1-score': 0.5389497634872163, 'support': 700.0}, 'weighted avg': {'precision': 0.7946428571428571, 'recall': 0.7485714285714286, 'f1-score': 0.6721838726509105, 'support': 700.0}}",0.7485714285714286,0.5389497634872163,0.8348214285714286,0.563,0.6721838726509105,"[0.5628571428571428, 0.5350100267379679, 0.5205276732484885, 0.49945828819068255, 0.5161446613335631]",0.526799558473569,0.021297744569422315
logistic_regression,frecuencia,"(3, 3)",{'max_iter': 200},Solo Lematizacion,None,"{'Clickbait': {'precision': 0.8928571428571429, 'recall': 0.125, 'f1-score': 0.21929824561403508, 'support': 200.0}, 'No': {'precision': 0.7395833333333334, 'recall': 0.994, 'f1-score': 0.8481228668941979, 'support': 500.0}, 'accuracy': 0.7457142857142857, 'macro avg': {'precision': 0.8162202380952381, 'recall': 0.5595, 'f1-score': 0.5337105562541165, 'support': 700.0}, 'weighted avg': {'precision': 0.7833758503401361, 'recall': 0.7457142857142857, 'f1-score': 0.66845868938558, 'support': 700.0}}",0.7457142857142857,0.5337105562541165,0.8162202380952381,0.5595,0.66845868938558,"[0.5294067904105535, 0.5131392838531974, 0.5131392838531974, 0.48254996238511105, 0.49306530898876405]",0.5062601258981647,0.01653292928357225
logistic_regression,binaria,"(3, 3)",{'max_iter': 200},Solo Lematizacion,None,"{'Clickbait': {'precision': 0.9230769230769231, 'recall': 0.12, 'f1-score': 0.21238938053097345, 'support': 200.0}, 'No': {'precision': 0.7388724035608308, 'recall': 0.996, 'f1-score': 0.848381601362862, 'support': 500.0}, 'accuracy': 0.7457142857142857, 'macro avg': {'precision': 0.830974663318877, 'recall': 0.558, 'f1-score': 0.5303854909469177, 'support': 700.0}, 'weighted avg': {'precision': 0.7915022662797144, 'recall': 0.7457142857142857, 'f1-score': 0.6666695382680368, 'support': 700.0}}",0.7457142857142857,0.5303854909469177,0.830974663318877,0.558,0.6666695382680368,"[0.52207250800268, 0.5205276732484885, 0.4903575297941495, 0.48384831460674155, 0.48515201378228845]",0.5003916078868695,0.017217032626295717
random_forest,binaria,"(3, 3)",{'n_estimators': 100},Solo Lematizacion,None,"{'Clickbait': {'precision': 0.9230769230769231, 'recall': 0.12, 'f1-score': 0.21238938053097345, 'support': 200.0}, 'No': {'precision': 0.7388724035608308, 'recall': 0.996, 'f1-score': 0.848381601362862, 'support': 500.0}, 'accuracy': 0.7457142857142857, 'macro avg': {'precision': 0.830974663318877, 'recall': 0.558, 'f1-score': 0.5303854909469177, 'support': 700.0}, 'weighted avg': {'precision': 0.7915022662797144, 'recall': 0.7457142857142857, 'f1-score': 0.6666695382680368, 'support': 700.0}}",0.7457142857142857,0.5303854909469177,0.830974663318877,0.558,0.6666695382680368,"[0.5714285714285714, 0.5262366310160428, 0.5205276732484885, 0.514637904468413, 0.5085590465872156]",0.5282779653497462,0.022365580236141776
svc,frecuencia,"(3, 3)","{'kernel': 'linear', 'C': 1.0}",Solo Lematizacion,None,"{'Clickbait': {'precision': 0.8518518518518519, 'recall': 0.115, 'f1-score': 0.2026431718061674, 'support': 200.0}, 'No': {'precision': 0.736998514115899, 'recall': 0.992, 'f1-score': 0.8456947996589941, 'support': 500.0}, 'accuracy': 0.7414285714285714, 'macro avg': {'precision': 0.7944251829838754, 'recall': 0.5535, 'f1-score': 0.5241689857325808, 'support': 700.0}, 'weighted avg': {'precision': 0.7698137534690284, 'recall': 0.7414285714285714, 'f1-score': 0.661965763129615, 'support': 700.0}}",0.7414285714285714,0.5241689857325808,0.7944251829838754,0.5535,0.661965763129615,"[0.5771978998065611, 0.552552278330746, 0.5628571428571428, 0.49805661128995793, 0.5508301232465658]",0.5482988111061947,0.026817458932715064
svc,binaria,"(3, 3)","{'kernel': 'linear', 'C': 1.0}",Solo Lematizacion,None,"{'Clickbait': {'precision': 0.8518518518518519, 'recall': 0.115, 'f1-score': 0.2026431718061674, 'support': 200.0}, 'No': {'precision': 0.736998514115899, 'recall': 0.992, 'f1-score': 0.8456947996589941, 'support': 500.0}, 'accuracy': 0.7414285714285714, 'macro avg': {'precision': 0.7944251829838754, 'recall': 0.5535, 'f1-score': 0.5241689857325808, 'support': 700.0}, 'weighted avg': {'precision': 0.7698137534690284, 'recall': 0.7414285714285714, 'f1-score': 0.661965763129615, 'support': 700.0}}",0.7414285714285714,0.5241689857325808,0.7944251829838754,0.5535,0.661965763129615,"[0.5743997752606074, 0.5387883701597923, 0.5695979058229081, 0.49805661128995793, 0.5437834224598931]",0.5449252169986318,0.027251135548910132
