Model,Text Representation,F1 Macro
MultinomialNB,binary,0.8830409356725146
LogisticRegression,binary,0.8825174825174825
SVC,binary,0.8995535714285714
MLPClassifier,binary,0.8331479421579533
MultinomialNB,frequency,0.8830409356725146
LogisticRegression,frequency,0.8285714285714285
SVC,frequency,0.8465473145780051
MLPClassifier,frequency,0.883300916921367
MultinomialNB,tfidf,0.899888765294772
LogisticRegression,tfidf,0.898989898989899
SVC,tfidf,0.898989898989899
MLPClassifier,tfidf,0.848951048951049
